{
    "installed": {
        "client_id": "164421852106-o03k0eiov4qrmer5mtbgnc7fa2tr3igt.apps.googleusercontent.com",
        "project_id": "test1-310115",
        "auth_uri": "https://accounts.google.com/o/oauth2/auth",
        "token_uri": "https://oauth2.googleapis.com/token",
        "auth_provider_x509_cert_url": "https://www.googleapis.com/oauth2/v1/certs",
        "client_secret": "sGZ9uGagefYhAx-JVBNo4kj0",
        "redirect_uris": ["urn:ietf:wg:oauth:2.0:oob", "http://localhost"]
    }
}